family,file_path,header,accession,protein_name,gene_name,organism,review_status,protein_existence,annotation_score,sequence_length,assembly_accession,assembly_level,assembly_name,refseq_or_genbank,contig_n50,scaffold_n50,annotation_available,assembly_status,quality_flag,error
innexin,project/data/references/innexins/Aedes_aegypti/shakB__Q1DH70.fasta,>sp|Q1DH70|SHAKB_AEDAE Innexin shaking-B OS=Aedes aegypti OX=7159 GN=shakB PE=3 SV=1,Q1DH70,Innexin shaking-B,shakB,Aedes aegypti,reviewed,3,3.0,372,GCF_002204515.2,Chromosome,AaegL5.0,RefSeq,,,yes,Chromosome,medium,
innexin,project/data/references/innexins/Anopheles_gambiae/ZPG__Q7Q5R9.fasta,>sp|Q7Q5R9|INX4_ANOGA Innexin inx4 OS=Anopheles gambiae OX=7165 GN=ZPG PE=3 SV=3,Q7Q5R9,Innexin inx4,ZPG,Anopheles gambiae,reviewed,3,4.0,386,GCF_943734735.2,Chromosome,idAnoGambNW_F1_1,RefSeq,,,yes,Chromosome,medium,
innexin,project/data/references/innexins/Anopheles_gambiae/shakB__Q7PXN1.fasta,>sp|Q7PXN1|SHAKB_ANOGA Innexin shaking-B OS=Anopheles gambiae OX=7165 GN=shakB PE=3 SV=1,Q7PXN1,Innexin shaking-B,shakB,Anopheles gambiae,reviewed,3,3.0,373,GCF_943734735.2,Chromosome,idAnoGambNW_F1_1,RefSeq,,,yes,Chromosome,medium,
innexin,project/data/references/innexins/Caenorhabditis_briggsae/inx-19__A8WVX4.fasta,>sp|A8WVX4|INX19_CAEBR Innexin-19 OS=Caenorhabditis briggsae OX=6238 GN=inx-19 PE=3 SV=3,A8WVX4,Innexin-19,inx-19,Caenorhabditis briggsae,reviewed,3,2.0,439,GCF_000004555.2,Chromosome,CB4,RefSeq,,,yes,Chromosome,medium,
innexin,project/data/references/innexins/Caenorhabditis_elegans/eat-5__Q27295.fasta,>sp|Q27295|EAT5_CAEEL Innexin eat-5 OS=Caenorhabditis elegans OX=6239 GN=eat-5 PE=2 SV=1,Q27295,Innexin eat-5,eat-5,Caenorhabditis elegans,reviewed,2,3.0,423,GCA_052911875.1,Complete Genome,C.elegans_CGC1_1.0,GenBank,,,yes,Complete Genome,medium,
innexin,project/data/references/innexins/Caenorhabditis_elegans/inx-10__Q22549.fasta,>sp|Q22549|INX10_CAEEL Innexin-10 OS=Caenorhabditis elegans OX=6239 GN=inx-10 PE=3 SV=1,Q22549,Innexin-10,inx-10,Caenorhabditis elegans,reviewed,3,3.0,559,GCA_052911875.1,Complete Genome,C.elegans_CGC1_1.0,GenBank,,,yes,Complete Genome,medium,
innexin,project/data/references/innexins/Caenorhabditis_elegans/inx-11__Q23157.fasta,>sp|Q23157|INX11_CAEEL Innexin-11 OS=Caenorhabditis elegans OX=6239 GN=inx-11 PE=3 SV=1,Q23157,Innexin-11,inx-11,Caenorhabditis elegans,reviewed,3,3.0,465,GCA_052911875.1,Complete Genome,C.elegans_CGC1_1.0,GenBank,,,yes,Complete Genome,medium,
innexin,project/data/references/innexins/Caenorhabditis_elegans/inx-12__O01634.fasta,>sp|O01634|INX12_CAEEL Innexin-12 OS=Caenorhabditis elegans OX=6239 GN=inx-12 PE=1 SV=1,O01634,Innexin-12,inx-12,Caenorhabditis elegans,reviewed,1,4.0,408,GCA_052911875.1,Complete Genome,C.elegans_CGC1_1.0,GenBank,,,yes,Complete Genome,medium,
innexin,project/data/references/innexins/Caenorhabditis_elegans/inx-14__O62136.fasta,>sp|O62136|INX14_CAEEL Innexin-14 OS=Caenorhabditis elegans OX=6239 GN=inx-14 PE=3 SV=1,O62136,Innexin-14,inx-14,Caenorhabditis elegans,reviewed,3,3.0,434,GCA_052911875.1,Complete Genome,C.elegans_CGC1_1.0,GenBank,,,yes,Complete Genome,medium,
innexin,project/data/references/innexins/Caenorhabditis_elegans/inx-16__O61787.fasta,>sp|O61787|INX16_CAEEL Innexin-16 OS=Caenorhabditis elegans OX=6239 GN=inx-16 PE=3 SV=2,O61787,Innexin-16,inx-16,Caenorhabditis elegans,reviewed,3,4.0,372,GCA_052911875.1,Complete Genome,C.elegans_CGC1_1.0,GenBank,,,yes,Complete Genome,medium,
innexin,project/data/references/innexins/Caenorhabditis_elegans/inx-17__O61788.fasta,>sp|O61788|INX17_CAEEL Innexin-17 OS=Caenorhabditis elegans OX=6239 GN=inx-17 PE=2 SV=1,O61788,Innexin-17,inx-17,Caenorhabditis elegans,reviewed,2,3.0,362,GCA_052911875.1,Complete Genome,C.elegans_CGC1_1.0,GenBank,,,yes,Complete Genome,medium,
innexin,project/data/references/innexins/Caenorhabditis_elegans/inx-19__O61715.fasta,>sp|O61715|INX19_CAEEL Innexin-19 OS=Caenorhabditis elegans OX=6239 GN=inx-19 PE=1 SV=2,O61715,Innexin-19,inx-19,Caenorhabditis elegans,reviewed,1,5.0,454,GCA_052911875.1,Complete Genome,C.elegans_CGC1_1.0,GenBank,,,yes,Complete Genome,medium,
innexin,project/data/references/innexins/Caenorhabditis_elegans/inx-2__Q9U3K5.fasta,>sp|Q9U3K5|INX2_CAEEL Innexin-2 OS=Caenorhabditis elegans OX=6239 GN=inx-2 PE=2 SV=2,Q9U3K5,Innexin-2,inx-2,Caenorhabditis elegans,reviewed,2,2.0,419,GCA_052911875.1,Complete Genome,C.elegans_CGC1_1.0,GenBank,,,yes,Complete Genome,medium,
innexin,project/data/references/innexins/Caenorhabditis_elegans/inx-3__Q19746.fasta,>sp|Q19746|INX3_CAEEL Innexin-3 OS=Caenorhabditis elegans OX=6239 GN=inx-3 PE=1 SV=2,Q19746,Innexin-3,inx-3,Caenorhabditis elegans,reviewed,1,5.0,420,GCA_052911875.1,Complete Genome,C.elegans_CGC1_1.0,GenBank,,,yes,Complete Genome,medium,
innexin,project/data/references/innexins/Caenorhabditis_elegans/inx-5__Q23027.fasta,>sp|Q23027|INX5_CAEEL Innexin-5 OS=Caenorhabditis elegans OX=6239 GN=inx-5 PE=3 SV=2,Q23027,Innexin-5,inx-5,Caenorhabditis elegans,reviewed,3,3.0,447,GCA_052911875.1,Complete Genome,C.elegans_CGC1_1.0,GenBank,,,yes,Complete Genome,medium,
innexin,project/data/references/innexins/Caenorhabditis_elegans/inx-6__Q9U3N4.fasta,>sp|Q9U3N4|INX6_CAEEL Innexin-6 OS=Caenorhabditis elegans OX=6239 GN=inx-6 PE=1 SV=1,Q9U3N4,Innexin-6,inx-6,Caenorhabditis elegans,reviewed,1,2.0,389,GCA_052911875.1,Complete Genome,C.elegans_CGC1_1.0,GenBank,,,yes,Complete Genome,medium,
innexin,project/data/references/innexins/Caenorhabditis_elegans/inx-7__Q21123.fasta,>sp|Q21123|INX7_CAEEL Innexin-7 OS=Caenorhabditis elegans OX=6239 GN=inx-7 PE=1 SV=1,Q21123,Innexin-7,inx-7,Caenorhabditis elegans,reviewed,1,3.0,556,GCA_052911875.1,Complete Genome,C.elegans_CGC1_1.0,GenBank,,,yes,Complete Genome,medium,
innexin,project/data/references/innexins/Caenorhabditis_elegans/inx-8__Q23593.fasta,>sp|Q23593|INX8_CAEEL Innexin-8 OS=Caenorhabditis elegans OX=6239 GN=inx-8 PE=3 SV=2,Q23593,Innexin-8,inx-8,Caenorhabditis elegans,reviewed,3,3.0,382,GCA_052911875.1,Complete Genome,C.elegans_CGC1_1.0,GenBank,,,yes,Complete Genome,medium,
innexin,project/data/references/innexins/Caenorhabditis_elegans/unc-7__Q03412.fasta,>sp|Q03412|UNC7_CAEEL Innexin unc-7 OS=Caenorhabditis elegans OX=6239 GN=unc-7 PE=1 SV=1,Q03412,Innexin unc-7,unc-7,Caenorhabditis elegans,reviewed,1,5.0,522,GCA_052911875.1,Complete Genome,C.elegans_CGC1_1.0,GenBank,,,yes,Complete Genome,medium,
innexin,project/data/references/innexins/Caenorhabditis_elegans/unc-9__O01393.fasta,>sp|O01393|UNC9_CAEEL Innexin unc-9 OS=Caenorhabditis elegans OX=6239 GN=unc-9 PE=1 SV=1,O01393,Innexin unc-9,unc-9,Caenorhabditis elegans,reviewed,1,4.0,386,GCA_052911875.1,Complete Genome,C.elegans_CGC1_1.0,GenBank,,,yes,Complete Genome,medium,
innexin,project/data/references/innexins/Drosophila_melanogaster/Inx2__Q9V427.fasta,>sp|Q9V427|INX2_DROME Innexin inx2 OS=Drosophila melanogaster OX=7227 GN=Inx2 PE=1 SV=1,Q9V427,Innexin inx2,Inx2,Drosophila melanogaster,reviewed,1,5.0,367,GCA_038396815.1,Chromosome,Drosophila melanogaster ANU-1,GenBank,,,yes,Chromosome,medium,
innexin,project/data/references/innexins/Drosophila_melanogaster/Inx3__Q9VAS7.fasta,>sp|Q9VAS7|INX3_DROME Innexin inx3 OS=Drosophila melanogaster OX=7227 GN=Inx3 PE=1 SV=1,Q9VAS7,Innexin inx3,Inx3,Drosophila melanogaster,reviewed,1,5.0,395,GCA_038396815.1,Chromosome,Drosophila melanogaster ANU-1,GenBank,,,yes,Chromosome,medium,
innexin,project/data/references/innexins/Drosophila_melanogaster/Inx5__Q9VWL5.fasta,>sp|Q9VWL5|INX5_DROME Innexin inx5 OS=Drosophila melanogaster OX=7227 GN=Inx5 PE=2 SV=2,Q9VWL5,Innexin inx5,Inx5,Drosophila melanogaster,reviewed,2,3.0,419,GCA_038396815.1,Chromosome,Drosophila melanogaster ANU-1,GenBank,,,yes,Chromosome,medium,
innexin,project/data/references/innexins/Drosophila_melanogaster/Inx6__Q9VR82.fasta,>sp|Q9VR82|INX6_DROME Innexin inx6 OS=Drosophila melanogaster OX=7227 GN=Inx6 PE=2 SV=1,Q9VR82,Innexin inx6,Inx6,Drosophila melanogaster,reviewed,2,4.0,481,GCA_038396815.1,Chromosome,Drosophila melanogaster ANU-1,GenBank,,,yes,Chromosome,medium,
innexin,project/data/references/innexins/Drosophila_melanogaster/Inx7__Q9V3W6.fasta,>sp|Q9V3W6|INX7_DROME Innexin inx7 OS=Drosophila melanogaster OX=7227 GN=Inx7 PE=2 SV=1,Q9V3W6,Innexin inx7,Inx7,Drosophila melanogaster,reviewed,2,4.0,438,GCA_038396815.1,Chromosome,Drosophila melanogaster ANU-1,GenBank,,,yes,Chromosome,medium,
innexin,project/data/references/innexins/Drosophila_melanogaster/ogre__P27716.fasta,>sp|P27716|INX1_DROME Innexin inx1 OS=Drosophila melanogaster OX=7227 GN=ogre PE=1 SV=1,P27716,Innexin inx1,ogre,Drosophila melanogaster,reviewed,1,5.0,362,GCA_038396815.1,Chromosome,Drosophila melanogaster ANU-1,GenBank,,,yes,Chromosome,medium,
innexin,project/data/references/innexins/Drosophila_melanogaster/shakB__P33085.fasta,>sp|P33085|SHAKB_DROME Innexin shaking-B OS=Drosophila melanogaster OX=7227 GN=shakB PE=1 SV=3,P33085,Innexin shaking-B,shakB,Drosophila melanogaster,reviewed,1,5.0,372,GCA_038396815.1,Chromosome,Drosophila melanogaster ANU-1,GenBank,,,yes,Chromosome,medium,
innexin,project/data/references/innexins/Drosophila_melanogaster/zpg__Q9VRX6.fasta,>sp|Q9VRX6|INX4_DROME Innexin inx4 OS=Drosophila melanogaster OX=7227 GN=zpg PE=2 SV=1,Q9VRX6,Innexin inx4,zpg,Drosophila melanogaster,reviewed,2,5.0,367,GCA_038396815.1,Chromosome,Drosophila melanogaster ANU-1,GenBank,,,yes,Chromosome,medium,
innexin,project/data/references/innexins/Schistocerca_americana/inx1__Q9XYN0.fasta,>sp|Q9XYN0|INX1_SCHAM Innexin inx1 OS=Schistocerca americana OX=7009 GN=inx1 PE=1 SV=1,Q9XYN0,Innexin inx1,inx1,Schistocerca americana,reviewed,1,3.0,361,GCF_021461395.2,Chromosome,iqSchAmer2.1,RefSeq,,,yes,Chromosome,medium,
innexin,project/data/references/innexins/Schistocerca_americana/inx2__Q9XYN1.fasta,>sp|Q9XYN1|INX2_SCHAM Innexin inx2 OS=Schistocerca americana OX=7009 GN=inx2 PE=1 SV=1,Q9XYN1,Innexin inx2,inx2,Schistocerca americana,reviewed,1,3.0,359,GCF_021461395.2,Chromosome,iqSchAmer2.1,RefSeq,,,yes,Chromosome,medium,
connexin,project/data/references/connexins/Bos_taurus/GJA1__P18246.fasta,>sp|P18246|CXA1_BOVIN Gap junction alpha-1 protein OS=Bos taurus OX=9913 GN=GJA1 PE=2 SV=2,P18246,Gap junction alpha-1 protein,GJA1,Bos taurus,reviewed,2,5.0,383,GCA_056748525.1,Chromosome,ASM5674852v1,GenBank,,,yes,Chromosome,medium,
connexin,project/data/references/connexins/Bos_taurus/GJA3__P41987.fasta,>sp|P41987|CXA3_BOVIN Gap junction alpha-3 protein OS=Bos taurus OX=9913 GN=GJA3 PE=2 SV=3,P41987,Gap junction alpha-3 protein,GJA3,Bos taurus,reviewed,2,5.0,407,GCA_056748525.1,Chromosome,ASM5674852v1,GenBank,,,yes,Chromosome,medium,
connexin,project/data/references/connexins/Bos_taurus/GJA4__A4IFL1.fasta,>sp|A4IFL1|CXA4_BOVIN Gap junction alpha-4 protein OS=Bos taurus OX=9913 GN=GJA4 PE=2 SV=1,A4IFL1,Gap junction alpha-4 protein,GJA4,Bos taurus,reviewed,2,3.0,333,GCA_056748525.1,Chromosome,ASM5674852v1,GenBank,,,yes,Chromosome,medium,
connexin,project/data/references/connexins/Bos_taurus/GJA5__Q0VCR2.fasta,>sp|Q0VCR2|CXA5_BOVIN Gap junction alpha-5 protein OS=Bos taurus OX=9913 GN=GJA5 PE=2 SV=1,Q0VCR2,Gap junction alpha-5 protein,GJA5,Bos taurus,reviewed,2,3.0,359,GCA_056748525.1,Chromosome,ASM5674852v1,GenBank,,,yes,Chromosome,medium,
connexin,project/data/references/connexins/Bos_taurus/GJB1__O18968.fasta,>sp|O18968|CXB1_BOVIN Gap junction beta-1 protein OS=Bos taurus OX=9913 GN=GJB1 PE=2 SV=1,O18968,Gap junction beta-1 protein,GJB1,Bos taurus,reviewed,2,3.0,284,GCA_056748525.1,Chromosome,ASM5674852v1,GenBank,,,yes,Chromosome,medium,
connexin,project/data/references/connexins/Bos_taurus/GJB2__A2VE67.fasta,>sp|A2VE67|CXB2_BOVIN Gap junction beta-2 protein OS=Bos taurus OX=9913 GN=GJB2 PE=2 SV=1,A2VE67,Gap junction beta-2 protein,GJB2,Bos taurus,reviewed,2,3.0,226,GCA_056748525.1,Chromosome,ASM5674852v1,GenBank,,,yes,Chromosome,medium,
connexin,project/data/references/connexins/Bos_taurus/GJB3__Q58D78.fasta,>sp|Q58D78|CXB3_BOVIN Gap junction beta-3 protein OS=Bos taurus OX=9913 GN=GJB3 PE=2 SV=2,Q58D78,Gap junction beta-3 protein,GJB3,Bos taurus,reviewed,2,3.0,270,GCA_056748525.1,Chromosome,ASM5674852v1,GenBank,,,yes,Chromosome,medium,
connexin,project/data/references/connexins/Bos_taurus/GJD2__Q866T7.fasta,>sp|Q866T7|CXD2_BOVIN Gap junction delta-2 protein OS=Bos taurus OX=9913 GN=GJD2 PE=2 SV=1,Q866T7,Gap junction delta-2 protein,GJD2,Bos taurus,reviewed,2,3.0,321,GCA_056748525.1,Chromosome,ASM5674852v1,GenBank,,,yes,Chromosome,medium,
connexin,project/data/references/connexins/Canis_lupus_familiaris/GJA1__Q6S9C0.fasta,>sp|Q6S9C0|CXA1_CANLF Gap junction alpha-1 protein OS=Canis lupus familiaris OX=9615 GN=GJA1 PE=2 SV=3,Q6S9C0,Gap junction alpha-1 protein,GJA1,Canis lupus familiaris,reviewed,2,5.0,382,GCA_057128235.1,Chromosome,ASM5712823v1,GenBank,,,yes,Chromosome,medium,
connexin,project/data/references/connexins/Canis_lupus_familiaris/GJA5__P33725.fasta,>sp|P33725|CXA5_CANLF Gap junction alpha-5 protein OS=Canis lupus familiaris OX=9615 GN=GJA5 PE=2 SV=4,P33725,Gap junction alpha-5 protein,GJA5,Canis lupus familiaris,reviewed,2,5.0,358,GCA_057128235.1,Chromosome,ASM5712823v1,GenBank,,,yes,Chromosome,medium,
connexin,project/data/references/connexins/Canis_lupus_familiaris/GJC1__P28228.fasta,>sp|P28228|CXG1_CANLF Gap junction gamma-1 protein OS=Canis lupus familiaris OX=9615 GN=GJC1 PE=3 SV=1,P28228,Gap junction gamma-1 protein,GJC1,Canis lupus familiaris,reviewed,3,3.0,396,GCA_057128235.1,Chromosome,ASM5712823v1,GenBank,,,yes,Chromosome,medium,
connexin,project/data/references/connexins/Chlorocebus_sabaeus/GJA1__Q6TYA9.fasta,>sp|Q6TYA9|CXA1_CHLAE Gap junction alpha-1 protein OS=Chlorocebus aethiops OX=9534 GN=GJA1 PE=1 SV=1,Q6TYA9,Gap junction alpha-1 protein,GJA1,Chlorocebus aethiops,reviewed,1,5.0,382,GCA_030247385.1,Scaffold,ASM3024738v1,GenBank,,,yes,Scaffold,medium,
connexin,project/data/references/connexins/Cricetulus_griseus/GJC1__Q6R4A8.fasta,>sp|Q6R4A8|CXG1_CRIGR Gap junction gamma-1 protein OS=Cricetulus griseus OX=10029 GN=GJC1 PE=2 SV=1,Q6R4A8,Gap junction gamma-1 protein,GJC1,Cricetulus griseus,reviewed,2,4.0,396,GCF_003668045.3,Chromosome,CriGri-PICRH-1.0,RefSeq,,,yes,Chromosome,medium,
connexin,project/data/references/connexins/Danio_rerio/cx23__U3JA75.fasta,>sp|U3JA75|CXE1_DANRE Gap junction epsilon-1 protein OS=Danio rerio OX=7955 GN=cx23 PE=2 SV=1,U3JA75,Gap junction epsilon-1 protein,cx23,Danio rerio,reviewed,2,3.0,207,GCF_049306965.1,Complete Genome,GRCz12tu,RefSeq,,,yes,Complete Genome,medium,
connexin,project/data/references/connexins/Danio_rerio/cx32.2__Q7T047.fasta,>sp|Q7T047|CX32_DANRE Gap junction Cx32.2 protein OS=Danio rerio OX=7955 GN=cx32.2 PE=2 SV=4,Q7T047,Gap junction Cx32.2 protein,cx32.2,Danio rerio,reviewed,2,3.0,277,GCF_049306965.1,Complete Genome,GRCz12tu,RefSeq,,,yes,Complete Genome,medium,
connexin,project/data/references/connexins/Danio_rerio/gja1__O57474.fasta,>sp|O57474|CXA1_DANRE Gap junction alpha-1 protein OS=Danio rerio OX=7955 GN=gja1 PE=1 SV=3,O57474,Gap junction alpha-1 protein,gja1,Danio rerio,reviewed,1,5.0,381,GCF_049306965.1,Complete Genome,GRCz12tu,RefSeq,,,yes,Complete Genome,medium,
connexin,project/data/references/connexins/Danio_rerio/gjc1__Q92052.fasta,>sp|Q92052|CXG1_DANRE Gap junction gamma-1 protein OS=Danio rerio OX=7955 GN=gjc1 PE=2 SV=1,Q92052,Gap junction gamma-1 protein,gjc1,Danio rerio,reviewed,2,4.0,380,GCF_049306965.1,Complete Genome,GRCz12tu,RefSeq,,,yes,Complete Genome,medium,
connexin,project/data/references/connexins/Equus_caballus/GJB1__Q6WGK6.fasta,>sp|Q6WGK6|CXB1_HORSE Gap junction beta-1 protein OS=Equus caballus OX=9796 GN=GJB1 PE=2 SV=1,Q6WGK6,Gap junction beta-1 protein,GJB1,Equus caballus,reviewed,2,3.0,283,GCF_041296265.1,Chromosome,TB-T2T,RefSeq,,,yes,Chromosome,medium,
connexin,project/data/references/connexins/Erinaceus_europaeus/GJA1__Q6TYA8.fasta,>sp|Q6TYA8|CXA1_ERIEU Gap junction alpha-1 protein OS=Erinaceus europaeus OX=9365 GN=GJA1 PE=3 SV=1,Q6TYA8,Gap junction alpha-1 protein,GJA1,Erinaceus europaeus,reviewed,3,5.0,382,GCF_950295315.1,Chromosome,mEriEur2.1,RefSeq,,,yes,Chromosome,medium,
connexin,project/data/references/connexins/Gallus_gallus/GJA1__P14154.fasta,>sp|P14154|CXA1_CHICK Gap junction alpha-1 protein OS=Gallus gallus OX=9031 GN=GJA1 PE=2 SV=3,P14154,Gap junction alpha-1 protein,GJA1,Gallus gallus,reviewed,2,4.0,381,GCA_057662215.1,Chromosome,ASM5766221v1,GenBank,,,yes,Chromosome,medium,
connexin,project/data/references/connexins/Gallus_gallus/GJA3__P29415.fasta,>sp|P29415|CXA3_CHICK Gap junction alpha-3 protein OS=Gallus gallus OX=9031 GN=GJA3 PE=1 SV=3,P29415,Gap junction alpha-3 protein,GJA3,Gallus gallus,reviewed,1,4.0,511,GCA_057662215.1,Chromosome,ASM5766221v1,GenBank,,,yes,Chromosome,medium,
connexin,project/data/references/connexins/Gallus_gallus/GJA5__P18860.fasta,>sp|P18860|CXA5_CHICK Gap junction alpha-5 protein OS=Gallus gallus OX=9031 GN=GJA5 PE=2 SV=2,P18860,Gap junction alpha-5 protein,GJA5,Gallus gallus,reviewed,2,4.0,369,GCA_057662215.1,Chromosome,ASM5766221v1,GenBank,,,yes,Chromosome,medium,
connexin,project/data/references/connexins/Gallus_gallus/GJA8__P36381.fasta,>sp|P36381|CXA8_CHICK Gap junction alpha-8 protein OS=Gallus gallus OX=9031 GN=GJA8 PE=1 SV=2,P36381,Gap junction alpha-8 protein,GJA8,Gallus gallus,reviewed,1,5.0,400,GCA_057662215.1,Chromosome,ASM5766221v1,GenBank,,,yes,Chromosome,medium,
connexin,project/data/references/connexins/Gallus_gallus/GJB6__O93533.fasta,>sp|O93533|CXB6_CHICK Gap junction beta-6 protein OS=Gallus gallus OX=9031 GN=GJB6 PE=2 SV=1,O93533,Gap junction beta-6 protein,GJB6,Gallus gallus,reviewed,2,3.0,263,GCA_057662215.1,Chromosome,ASM5766221v1,GenBank,,,yes,Chromosome,medium,
connexin,project/data/references/connexins/Gallus_gallus/GJC1__P18861.fasta,>sp|P18861|CXG1_CHICK Gap junction gamma-1 protein OS=Gallus gallus OX=9031 GN=GJC1 PE=2 SV=1,P18861,Gap junction gamma-1 protein,GJC1,Gallus gallus,reviewed,2,5.0,394,GCA_057662215.1,Chromosome,ASM5766221v1,GenBank,,,yes,Chromosome,medium,
connexin,project/data/references/connexins/Gorilla_gorilla_gorilla/GJB2__Q8MHW5.fasta,>sp|Q8MHW5|CXB2_GORGO Gap junction beta-2 protein OS=Gorilla gorilla gorilla OX=9595 GN=GJB2 PE=3 SV=1,Q8MHW5,Gap junction beta-2 protein,GJB2,Gorilla gorilla gorilla,reviewed,3,3.0,226,GCF_029281585.2,Chromosome,NHGRI_mGorGor1-v2.1_pri,RefSeq,,,yes,Chromosome,medium,
connexin,project/data/references/connexins/Homo_sapiens/GJA10__Q969M2.fasta,>sp|Q969M2|CXA10_HUMAN Gap junction alpha-10 protein OS=Homo sapiens OX=9606 GN=GJA10 PE=2 SV=1,Q969M2,Gap junction alpha-10 protein,GJA10,Homo sapiens,reviewed,2,4.0,543,GCA_057084165.1,Chromosome,HG03453_haplotype2_hprc_rel2_verkko2_supp,GenBank,,,yes,Chromosome,medium,
connexin,project/data/references/connexins/Homo_sapiens/GJA1__P17302.fasta,>sp|P17302|CXA1_HUMAN Gap junction alpha-1 protein OS=Homo sapiens OX=9606 GN=GJA1 PE=1 SV=2,P17302,Gap junction alpha-1 protein,GJA1,Homo sapiens,reviewed,1,5.0,382,GCA_057084165.1,Chromosome,HG03453_haplotype2_hprc_rel2_verkko2_supp,GenBank,,,yes,Chromosome,medium,
connexin,project/data/references/connexins/Homo_sapiens/GJA3__Q9Y6H8.fasta,>sp|Q9Y6H8|CXA3_HUMAN Gap junction alpha-3 protein OS=Homo sapiens OX=9606 GN=GJA3 PE=1 SV=4,Q9Y6H8,Gap junction alpha-3 protein,GJA3,Homo sapiens,reviewed,1,5.0,435,GCA_057084165.1,Chromosome,HG03453_haplotype2_hprc_rel2_verkko2_supp,GenBank,,,yes,Chromosome,medium,
connexin,project/data/references/connexins/Homo_sapiens/GJA4__P35212.fasta,>sp|P35212|CXA4_HUMAN Gap junction alpha-4 protein OS=Homo sapiens OX=9606 GN=GJA4 PE=1 SV=3,P35212,Gap junction alpha-4 protein,GJA4,Homo sapiens,reviewed,1,5.0,333,GCA_057084165.1,Chromosome,HG03453_haplotype2_hprc_rel2_verkko2_supp,GenBank,,,yes,Chromosome,medium,
connexin,project/data/references/connexins/Homo_sapiens/GJA5__P36382.fasta,>sp|P36382|CXA5_HUMAN Gap junction alpha-5 protein OS=Homo sapiens OX=9606 GN=GJA5 PE=1 SV=3,P36382,Gap junction alpha-5 protein,GJA5,Homo sapiens,reviewed,1,5.0,358,GCA_057084165.1,Chromosome,HG03453_haplotype2_hprc_rel2_verkko2_supp,GenBank,,,yes,Chromosome,medium,
connexin,project/data/references/connexins/Homo_sapiens/GJA8__P48165.fasta,>sp|P48165|CXA8_HUMAN Gap junction alpha-8 protein OS=Homo sapiens OX=9606 GN=GJA8 PE=1 SV=3,P48165,Gap junction alpha-8 protein,GJA8,Homo sapiens,reviewed,1,5.0,433,GCA_057084165.1,Chromosome,HG03453_haplotype2_hprc_rel2_verkko2_supp,GenBank,,,yes,Chromosome,medium,
connexin,project/data/references/connexins/Homo_sapiens/GJA9__P57773.fasta,>sp|P57773|CXA9_HUMAN Gap junction alpha-9 protein OS=Homo sapiens OX=9606 GN=GJA9 PE=2 SV=2,P57773,Gap junction alpha-9 protein,GJA9,Homo sapiens,reviewed,2,4.0,515,GCA_057084165.1,Chromosome,HG03453_haplotype2_hprc_rel2_verkko2_supp,GenBank,,,yes,Chromosome,medium,
connexin,project/data/references/connexins/Homo_sapiens/GJB1__P08034.fasta,>sp|P08034|CXB1_HUMAN Gap junction beta-1 protein OS=Homo sapiens OX=9606 GN=GJB1 PE=1 SV=1,P08034,Gap junction beta-1 protein,GJB1,Homo sapiens,reviewed,1,5.0,283,GCA_057084165.1,Chromosome,HG03453_haplotype2_hprc_rel2_verkko2_supp,GenBank,,,yes,Chromosome,medium,
connexin,project/data/references/connexins/Homo_sapiens/GJB2__P29033.fasta,>sp|P29033|CXB2_HUMAN Gap junction beta-2 protein OS=Homo sapiens OX=9606 GN=GJB2 PE=1 SV=3,P29033,Gap junction beta-2 protein,GJB2,Homo sapiens,reviewed,1,5.0,226,GCA_057084165.1,Chromosome,HG03453_haplotype2_hprc_rel2_verkko2_supp,GenBank,,,yes,Chromosome,medium,
connexin,project/data/references/connexins/Homo_sapiens/GJB3__O75712.fasta,>sp|O75712|CXB3_HUMAN Gap junction beta-3 protein OS=Homo sapiens OX=9606 GN=GJB3 PE=1 SV=1,O75712,Gap junction beta-3 protein,GJB3,Homo sapiens,reviewed,1,5.0,270,GCA_057084165.1,Chromosome,HG03453_haplotype2_hprc_rel2_verkko2_supp,GenBank,,,yes,Chromosome,medium,
connexin,project/data/references/connexins/Homo_sapiens/GJB4__Q9NTQ9.fasta,>sp|Q9NTQ9|CXB4_HUMAN Gap junction beta-4 protein OS=Homo sapiens OX=9606 GN=GJB4 PE=1 SV=1,Q9NTQ9,Gap junction beta-4 protein,GJB4,Homo sapiens,reviewed,1,5.0,266,GCA_057084165.1,Chromosome,HG03453_haplotype2_hprc_rel2_verkko2_supp,GenBank,,,yes,Chromosome,medium,
connexin,project/data/references/connexins/Homo_sapiens/GJB5__O95377.fasta,>sp|O95377|CXB5_HUMAN Gap junction beta-5 protein OS=Homo sapiens OX=9606 GN=GJB5 PE=1 SV=2,O95377,Gap junction beta-5 protein,GJB5,Homo sapiens,reviewed,1,5.0,273,GCA_057084165.1,Chromosome,HG03453_haplotype2_hprc_rel2_verkko2_supp,GenBank,,,yes,Chromosome,medium,
connexin,project/data/references/connexins/Homo_sapiens/GJB6__O95452.fasta,>sp|O95452|CXB6_HUMAN Gap junction beta-6 protein OS=Homo sapiens OX=9606 GN=GJB6 PE=1 SV=2,O95452,Gap junction beta-6 protein,GJB6,Homo sapiens,reviewed,1,5.0,261,GCA_057084165.1,Chromosome,HG03453_haplotype2_hprc_rel2_verkko2_supp,GenBank,,,yes,Chromosome,medium,
connexin,project/data/references/connexins/Homo_sapiens/GJB7__Q6PEY0.fasta,>sp|Q6PEY0|CXB7_HUMAN Gap junction beta-7 protein OS=Homo sapiens OX=9606 GN=GJB7 PE=1 SV=1,Q6PEY0,Gap junction beta-7 protein,GJB7,Homo sapiens,reviewed,1,4.0,223,GCA_057084165.1,Chromosome,HG03453_haplotype2_hprc_rel2_verkko2_supp,GenBank,,,yes,Chromosome,medium,
connexin,project/data/references/connexins/Homo_sapiens/GJC1__P36383.fasta,>sp|P36383|CXG1_HUMAN Gap junction gamma-1 protein OS=Homo sapiens OX=9606 GN=GJC1 PE=1 SV=2,P36383,Gap junction gamma-1 protein,GJC1,Homo sapiens,reviewed,1,5.0,396,GCA_057084165.1,Chromosome,HG03453_haplotype2_hprc_rel2_verkko2_supp,GenBank,,,yes,Chromosome,medium,
connexin,project/data/references/connexins/Homo_sapiens/GJC2__Q5T442.fasta,>sp|Q5T442|CXG2_HUMAN Gap junction gamma-2 protein OS=Homo sapiens OX=9606 GN=GJC2 PE=1 SV=1,Q5T442,Gap junction gamma-2 protein,GJC2,Homo sapiens,reviewed,1,5.0,439,GCA_057084165.1,Chromosome,HG03453_haplotype2_hprc_rel2_verkko2_supp,GenBank,,,yes,Chromosome,medium,
connexin,project/data/references/connexins/Homo_sapiens/GJC3__Q8NFK1.fasta,>sp|Q8NFK1|CXG3_HUMAN Gap junction gamma-3 protein OS=Homo sapiens OX=9606 GN=GJC3 PE=1 SV=1,Q8NFK1,Gap junction gamma-3 protein,GJC3,Homo sapiens,reviewed,1,4.0,279,GCA_057084165.1,Chromosome,HG03453_haplotype2_hprc_rel2_verkko2_supp,GenBank,,,yes,Chromosome,medium,
connexin,project/data/references/connexins/Homo_sapiens/GJD2__Q9UKL4.fasta,>sp|Q9UKL4|CXD2_HUMAN Gap junction delta-2 protein OS=Homo sapiens OX=9606 GN=GJD2 PE=1 SV=1,Q9UKL4,Gap junction delta-2 protein,GJD2,Homo sapiens,reviewed,1,5.0,321,GCA_057084165.1,Chromosome,HG03453_haplotype2_hprc_rel2_verkko2_supp,GenBank,,,yes,Chromosome,medium,
connexin,project/data/references/connexins/Homo_sapiens/GJD3__Q8N144.fasta,>sp|Q8N144|CXD3_HUMAN Gap junction delta-3 protein OS=Homo sapiens OX=9606 GN=GJD3 PE=1 SV=1,Q8N144,Gap junction delta-3 protein,GJD3,Homo sapiens,reviewed,1,5.0,294,GCA_057084165.1,Chromosome,HG03453_haplotype2_hprc_rel2_verkko2_supp,GenBank,,,yes,Chromosome,medium,
connexin,project/data/references/connexins/Homo_sapiens/GJD4__Q96KN9.fasta,>sp|Q96KN9|CXD4_HUMAN Gap junction delta-4 protein OS=Homo sapiens OX=9606 GN=GJD4 PE=1 SV=1,Q96KN9,Gap junction delta-4 protein,GJD4,Homo sapiens,reviewed,1,4.0,370,GCA_057084165.1,Chromosome,HG03453_haplotype2_hprc_rel2_verkko2_supp,GenBank,,,yes,Chromosome,medium,
connexin,project/data/references/connexins/Homo_sapiens/GJE1__A6NN92.fasta,>sp|A6NN92|CXE1_HUMAN Gap junction epsilon-1 protein OS=Homo sapiens OX=9606 GN=GJE1 PE=2 SV=1,A6NN92,Gap junction epsilon-1 protein,GJE1,Homo sapiens,reviewed,2,3.0,205,GCA_057084165.1,Chromosome,HG03453_haplotype2_hprc_rel2_verkko2_supp,GenBank,,,yes,Chromosome,medium,
connexin,project/data/references/connexins/Homo_sapiens/RIC1__Q4ADV7.fasta,>sp|Q4ADV7|RIC1_HUMAN Guanine nucleotide exchange factor subunit RIC1 OS=Homo sapiens OX=9606 GN=RIC1 PE=1 SV=2,Q4ADV7,Guanine nucleotide exchange factor subunit RIC1,RIC1,Homo sapiens,reviewed,1,5.0,1423,GCA_057084165.1,Chromosome,HG03453_haplotype2_hprc_rel2_verkko2_supp,GenBank,,,yes,Chromosome,medium,
connexin,project/data/references/connexins/Hylobates_moloch/GJB2__Q7JGL3.fasta,>sp|Q7JGL3|CXB2_HYLLA Gap junction beta-2 protein OS=Hylobates lar OX=9580 GN=GJB2 PE=3 SV=1,Q7JGL3,Gap junction beta-2 protein,GJB2,Hylobates lar,reviewed,3,3.0,226,,,,,,,,,review_protein_only,
connexin,project/data/references/connexins/Leucoraja_erinaceus/P69998__P69998.fasta,>sp|P69998|CXD2_LEUER Gap junction delta-2 protein OS=Leucoraja erinaceus OX=7782 PE=2 SV=1,P69998,Gap junction delta-2 protein,,Leucoraja erinaceus,reviewed,2,3.0,302,GCF_028641065.1,Chromosome,Leri_hhj_1,RefSeq,,,yes,Chromosome,medium,
connexin,project/data/references/connexins/Macaca_fascicularis/GJA1__Q4R4S7.fasta,>sp|Q4R4S7|CXA1_MACFA Gap junction alpha-1 protein OS=Macaca fascicularis OX=9541 GN=GJA1 PE=2 SV=1,Q4R4S7,Gap junction alpha-1 protein,GJA1,Macaca fascicularis,reviewed,2,5.0,382,GCF_037993035.2,Complete Genome,T2T-MFA8v1.1,RefSeq,,,yes,Complete Genome,medium,
connexin,project/data/references/connexins/Macaca_fascicularis/GJB1__Q60HF7.fasta,>sp|Q60HF7|CXB1_MACFA Gap junction beta-1 protein OS=Macaca fascicularis OX=9541 GN=GJB1 PE=2 SV=1,Q60HF7,Gap junction beta-1 protein,GJB1,Macaca fascicularis,reviewed,2,3.0,283,GCF_037993035.2,Complete Genome,T2T-MFA8v1.1,RefSeq,,,yes,Complete Genome,medium,
connexin,project/data/references/connexins/Macaca_fascicularis/GJD4__Q9N0B3.fasta,>sp|Q9N0B3|CXD4_MACFA Gap junction delta-4 protein OS=Macaca fascicularis OX=9541 GN=GJD4 PE=2 SV=2,Q9N0B3,Gap junction delta-4 protein,GJD4,Macaca fascicularis,reviewed,2,3.0,370,GCF_037993035.2,Complete Genome,T2T-MFA8v1.1,RefSeq,,,yes,Complete Genome,medium,
connexin,project/data/references/connexins/Macaca_mulatta/GJB2__Q8MIT8.fasta,>sp|Q8MIT8|CXB2_MACMU Gap junction beta-2 protein OS=Macaca mulatta OX=9544 GN=GJB2 PE=3 SV=1,Q8MIT8,Gap junction beta-2 protein,GJB2,Macaca mulatta,reviewed,3,3.0,226,GCF_049350105.2,Complete Genome,T2T-MMU8v2.0,RefSeq,,,yes,Complete Genome,medium,
connexin,project/data/references/connexins/Mesocricetus_auratus/GJC1__Q6PYT3.fasta,>sp|Q6PYT3|CXG1_MESAU Gap junction gamma-1 protein OS=Mesocricetus auratus OX=10036 GN=GJC1 PE=2 SV=1,Q6PYT3,Gap junction gamma-1 protein,GJC1,Mesocricetus auratus,reviewed,2,4.0,396,GCF_017639785.1,Scaffold,BCM_Maur_2.0,RefSeq,,,yes,Scaffold,medium,
connexin,project/data/references/connexins/Mus_musculus/Gja10__Q9WUS4.fasta,>sp|Q9WUS4|CXA10_MOUSE Gap junction alpha-10 protein OS=Mus musculus OX=10090 GN=Gja10 PE=1 SV=2,Q9WUS4,Gap junction alpha-10 protein,Gja10,Mus musculus,reviewed,1,5.0,505,GCA_056825265.1,Complete Genome,T2T_mhaESC_v1.5,GenBank,,,yes,Complete Genome,medium,
connexin,project/data/references/connexins/Mus_musculus/Gja1__P23242.fasta,>sp|P23242|CXA1_MOUSE Gap junction alpha-1 protein OS=Mus musculus OX=10090 GN=Gja1 PE=1 SV=2,P23242,Gap junction alpha-1 protein,Gja1,Mus musculus,reviewed,1,5.0,382,GCA_056825265.1,Complete Genome,T2T_mhaESC_v1.5,GenBank,,,yes,Complete Genome,medium,
connexin,project/data/references/connexins/Mus_musculus/Gja3__Q64448.fasta,>sp|Q64448|CXA3_MOUSE Gap junction alpha-3 protein OS=Mus musculus OX=10090 GN=Gja3 PE=2 SV=4,Q64448,Gap junction alpha-3 protein,Gja3,Mus musculus,reviewed,2,4.0,417,GCA_056825265.1,Complete Genome,T2T_mhaESC_v1.5,GenBank,,,yes,Complete Genome,medium,
connexin,project/data/references/connexins/Mus_musculus/Gja4__P28235.fasta,>sp|P28235|CXA4_MOUSE Gap junction alpha-4 protein OS=Mus musculus OX=10090 GN=Gja4 PE=1 SV=2,P28235,Gap junction alpha-4 protein,Gja4,Mus musculus,reviewed,1,4.0,333,GCA_056825265.1,Complete Genome,T2T_mhaESC_v1.5,GenBank,,,yes,Complete Genome,medium,
connexin,project/data/references/connexins/Mus_musculus/Gja5__Q01231.fasta,>sp|Q01231|CXA5_MOUSE Gap junction alpha-5 protein OS=Mus musculus OX=10090 GN=Gja5 PE=2 SV=2,Q01231,Gap junction alpha-5 protein,Gja5,Mus musculus,reviewed,2,5.0,358,GCA_056825265.1,Complete Genome,T2T_mhaESC_v1.5,GenBank,,,yes,Complete Genome,medium,
connexin,project/data/references/connexins/Mus_musculus/Gja6__Q6S5G4.fasta,>sp|Q6S5G4|CXA6_MOUSE Gap junction alpha-6 protein OS=Mus musculus OX=10090 GN=Gja6 PE=2 SV=2,Q6S5G4,Gap junction alpha-6 protein,Gja6,Mus musculus,reviewed,2,3.0,283,GCA_056825265.1,Complete Genome,T2T_mhaESC_v1.5,GenBank,,,yes,Complete Genome,medium,
connexin,project/data/references/connexins/Mus_musculus/Gja8__P28236.fasta,>sp|P28236|CXA8_MOUSE Gap junction alpha-8 protein OS=Mus musculus OX=10090 GN=Gja8 PE=1 SV=2,P28236,Gap junction alpha-8 protein,Gja8,Mus musculus,reviewed,1,5.0,440,GCA_056825265.1,Complete Genome,T2T_mhaESC_v1.5,GenBank,,,yes,Complete Genome,medium,
connexin,project/data/references/connexins/Mus_musculus/Gjb1__P28230.fasta,>sp|P28230|CXB1_MOUSE Gap junction beta-1 protein OS=Mus musculus OX=10090 GN=Gjb1 PE=1 SV=3,P28230,Gap junction beta-1 protein,Gjb1,Mus musculus,reviewed,1,5.0,283,GCA_056825265.1,Complete Genome,T2T_mhaESC_v1.5,GenBank,,,yes,Complete Genome,medium,
connexin,project/data/references/connexins/Mus_musculus/Gjb2__Q00977.fasta,>sp|Q00977|CXB2_MOUSE Gap junction beta-2 protein OS=Mus musculus OX=10090 GN=Gjb2 PE=1 SV=1,Q00977,Gap junction beta-2 protein,Gjb2,Mus musculus,reviewed,1,5.0,226,GCA_056825265.1,Complete Genome,T2T_mhaESC_v1.5,GenBank,,,yes,Complete Genome,medium,
connexin,project/data/references/connexins/Mus_musculus/Gjb3__P28231.fasta,>sp|P28231|CXB3_MOUSE Gap junction beta-3 protein OS=Mus musculus OX=10090 GN=Gjb3 PE=1 SV=1,P28231,Gap junction beta-3 protein,Gjb3,Mus musculus,reviewed,1,5.0,270,GCA_056825265.1,Complete Genome,T2T_mhaESC_v1.5,GenBank,,,yes,Complete Genome,medium,
connexin,project/data/references/connexins/Mus_musculus/Gjb4__Q02738.fasta,>sp|Q02738|CXB4_MOUSE Gap junction beta-4 protein OS=Mus musculus OX=10090 GN=Gjb4 PE=1 SV=1,Q02738,Gap junction beta-4 protein,Gjb4,Mus musculus,reviewed,1,5.0,266,GCA_056825265.1,Complete Genome,T2T_mhaESC_v1.5,GenBank,,,yes,Complete Genome,medium,
connexin,project/data/references/connexins/Mus_musculus/Gjb5__Q02739.fasta,>sp|Q02739|CXB5_MOUSE Gap junction beta-5 protein OS=Mus musculus OX=10090 GN=Gjb5 PE=2 SV=1,Q02739,Gap junction beta-5 protein,Gjb5,Mus musculus,reviewed,2,4.0,271,GCA_056825265.1,Complete Genome,T2T_mhaESC_v1.5,GenBank,,,yes,Complete Genome,medium,
connexin,project/data/references/connexins/Mus_musculus/Gjb6__P70689.fasta,>sp|P70689|CXB6_MOUSE Gap junction beta-6 protein OS=Mus musculus OX=10090 GN=Gjb6 PE=1 SV=1,P70689,Gap junction beta-6 protein,Gjb6,Mus musculus,reviewed,1,5.0,261,GCA_056825265.1,Complete Genome,T2T_mhaESC_v1.5,GenBank,,,yes,Complete Genome,medium,
connexin,project/data/references/connexins/Mus_musculus/Gjc1__P28229.fasta,>sp|P28229|CXG1_MOUSE Gap junction gamma-1 protein OS=Mus musculus OX=10090 GN=Gjc1 PE=1 SV=1,P28229,Gap junction gamma-1 protein,Gjc1,Mus musculus,reviewed,1,5.0,396,GCA_056825265.1,Complete Genome,T2T_mhaESC_v1.5,GenBank,,,yes,Complete Genome,medium,
connexin,project/data/references/connexins/Mus_musculus/Gjc2__Q8BQU6.fasta,>sp|Q8BQU6|CXG2_MOUSE Gap junction gamma-2 protein OS=Mus musculus OX=10090 GN=Gjc2 PE=1 SV=2,Q8BQU6,Gap junction gamma-2 protein,Gjc2,Mus musculus,reviewed,1,5.0,440,GCA_056825265.1,Complete Genome,T2T_mhaESC_v1.5,GenBank,,,yes,Complete Genome,medium,
connexin,project/data/references/connexins/Mus_musculus/Gjc3__Q921C1.fasta,>sp|Q921C1|CXG3_MOUSE Gap junction gamma-3 protein OS=Mus musculus OX=10090 GN=Gjc3 PE=1 SV=2,Q921C1,Gap junction gamma-3 protein,Gjc3,Mus musculus,reviewed,1,4.0,269,GCA_056825265.1,Complete Genome,T2T_mhaESC_v1.5,GenBank,,,yes,Complete Genome,medium,
connexin,project/data/references/connexins/Mus_musculus/Gjd2__O54851.fasta,>sp|O54851|CXD2_MOUSE Gap junction delta-2 protein OS=Mus musculus OX=10090 GN=Gjd2 PE=1 SV=2,O54851,Gap junction delta-2 protein,Gjd2,Mus musculus,reviewed,1,5.0,321,GCA_056825265.1,Complete Genome,T2T_mhaESC_v1.5,GenBank,,,yes,Complete Genome,medium,
connexin,project/data/references/connexins/Mus_musculus/Gjd3__Q91YD1.fasta,>sp|Q91YD1|CXD3_MOUSE Gap junction delta-3 protein OS=Mus musculus OX=10090 GN=Gjd3 PE=3 SV=1,Q91YD1,Gap junction delta-3 protein,Gjd3,Mus musculus,reviewed,3,5.0,278,GCA_056825265.1,Complete Genome,T2T_mhaESC_v1.5,GenBank,,,yes,Complete Genome,medium,
connexin,project/data/references/connexins/Mus_musculus/Gjd4__Q8BSD4.fasta,>sp|Q8BSD4|CXD4_MOUSE Gap junction delta-4 protein OS=Mus musculus OX=10090 GN=Gjd4 PE=2 SV=1,Q8BSD4,Gap junction delta-4 protein,Gjd4,Mus musculus,reviewed,2,3.0,364,GCA_056825265.1,Complete Genome,T2T_mhaESC_v1.5,GenBank,,,yes,Complete Genome,medium,
connexin,project/data/references/connexins/Mus_musculus/Gje1__Q9CX92.fasta,>sp|Q9CX92|CXE1_MOUSE Gap junction epsilon-1 protein OS=Mus musculus OX=10090 GN=Gje1 PE=1 SV=1,Q9CX92,Gap junction epsilon-1 protein,Gje1,Mus musculus,reviewed,1,5.0,205,GCA_056825265.1,Complete Genome,T2T_mhaESC_v1.5,GenBank,,,yes,Complete Genome,medium,
connexin,project/data/references/connexins/Oryctolagus_cuniculus/GJA1__Q6TYA7.fasta,>sp|Q6TYA7|CXA1_RABIT Gap junction alpha-1 protein OS=Oryctolagus cuniculus OX=9986 GN=GJA1 PE=1 SV=1,Q6TYA7,Gap junction alpha-1 protein,GJA1,Oryctolagus cuniculus,reviewed,1,5.0,382,GCF_964237555.1,Chromosome,mOryCun1.1,RefSeq,,,yes,Chromosome,medium,
connexin,project/data/references/connexins/Ovis_aries/GJA3__Q9TU17.fasta,>sp|Q9TU17|CXA3_SHEEP Gap junction alpha-3 protein OS=Ovis aries OX=9940 GN=GJA3 PE=1 SV=3,Q9TU17,Gap junction alpha-3 protein,GJA3,Ovis aries,reviewed,1,5.0,413,GCA_057332225.1,Complete Genome,NLFDP_OvArieNajdiMale_T2T_1.0,GenBank,,,yes,Complete Genome,medium,
connexin,project/data/references/connexins/Ovis_aries/GJA8__P55917.fasta,>sp|P55917|CXA8_SHEEP Gap junction alpha-8 protein OS=Ovis aries OX=9940 GN=GJA8 PE=1 SV=2,P55917,Gap junction alpha-8 protein,GJA8,Ovis aries,reviewed,1,5.0,440,GCA_057332225.1,Complete Genome,NLFDP_OvArieNajdiMale_T2T_1.0,GenBank,,,yes,Complete Genome,medium,
connexin,project/data/references/connexins/Ovis_aries/GJB2__P46691.fasta,>sp|P46691|CXB2_SHEEP Gap junction beta-2 protein OS=Ovis aries OX=9940 GN=GJB2 PE=2 SV=1,P46691,Gap junction beta-2 protein,GJB2,Ovis aries,reviewed,2,3.0,226,GCA_057332225.1,Complete Genome,NLFDP_OvArieNajdiMale_T2T_1.0,GenBank,,,yes,Complete Genome,medium,
connexin,project/data/references/connexins/Pongo_pygmaeus/GJB2__Q8MIT9.fasta,>sp|Q8MIT9|CXB2_PONPY Gap junction beta-2 protein OS=Pongo pygmaeus OX=9600 GN=GJB2 PE=3 SV=1,Q8MIT9,Gap junction beta-2 protein,GJB2,Pongo pygmaeus,reviewed,3,3.0,226,GCF_028885625.2,Chromosome,NHGRI_mPonPyg2-v2.1_pri,RefSeq,,,yes,Chromosome,medium,
connexin,project/data/references/connexins/Rattus_norvegicus/Gja1__P08050.fasta,>sp|P08050|CXA1_RAT Gap junction alpha-1 protein OS=Rattus norvegicus OX=10116 GN=Gja1 PE=1 SV=2,P08050,Gap junction alpha-1 protein,Gja1,Rattus norvegicus,reviewed,1,5.0,382,GCF_036323735.1,Chromosome,GRCr8,RefSeq,,,yes,Chromosome,medium,
connexin,project/data/references/connexins/Rattus_norvegicus/Gja3__P29414.fasta,>sp|P29414|CXA3_RAT Gap junction alpha-3 protein OS=Rattus norvegicus OX=10116 GN=Gja3 PE=1 SV=2,P29414,Gap junction alpha-3 protein,Gja3,Rattus norvegicus,reviewed,1,5.0,416,GCF_036323735.1,Chromosome,GRCr8,RefSeq,,,yes,Chromosome,medium,
connexin,project/data/references/connexins/Rattus_norvegicus/Gja4__Q03190.fasta,>sp|Q03190|CXA4_RAT Gap junction alpha-4 protein OS=Rattus norvegicus OX=10116 GN=Gja4 PE=2 SV=2,Q03190,Gap junction alpha-4 protein,Gja4,Rattus norvegicus,reviewed,2,5.0,333,GCF_036323735.1,Chromosome,GRCr8,RefSeq,,,yes,Chromosome,medium,
connexin,project/data/references/connexins/Rattus_norvegicus/Gja5__P28234.fasta,>sp|P28234|CXA5_RAT Gap junction alpha-5 protein OS=Rattus norvegicus OX=10116 GN=Gja5 PE=1 SV=2,P28234,Gap junction alpha-5 protein,Gja5,Rattus norvegicus,reviewed,1,5.0,356,GCF_036323735.1,Chromosome,GRCr8,RefSeq,,,yes,Chromosome,medium,
connexin,project/data/references/connexins/Rattus_norvegicus/Gja6__P28233.fasta,>sp|P28233|CXA6_RAT Gap junction alpha-6 protein OS=Rattus norvegicus OX=10116 GN=Gja6 PE=2 SV=1,P28233,Gap junction alpha-6 protein,Gja6,Rattus norvegicus,reviewed,2,4.0,286,GCF_036323735.1,Chromosome,GRCr8,RefSeq,,,yes,Chromosome,medium,
connexin,project/data/references/connexins/Rattus_norvegicus/Gja8__Q8K4Q9.fasta,>sp|Q8K4Q9|CXA8_RAT Gap junction alpha-8 protein OS=Rattus norvegicus OX=10116 GN=Gja8 PE=1 SV=1,Q8K4Q9,Gap junction alpha-8 protein,Gja8,Rattus norvegicus,reviewed,1,5.0,440,GCF_036323735.1,Chromosome,GRCr8,RefSeq,,,yes,Chromosome,medium,
connexin,project/data/references/connexins/Rattus_norvegicus/Gjb1__P08033.fasta,>sp|P08033|CXB1_RAT Gap junction beta-1 protein OS=Rattus norvegicus OX=10116 GN=Gjb1 PE=1 SV=1,P08033,Gap junction beta-1 protein,Gjb1,Rattus norvegicus,reviewed,1,5.0,283,GCF_036323735.1,Chromosome,GRCr8,RefSeq,,,yes,Chromosome,medium,
connexin,project/data/references/connexins/Rattus_norvegicus/Gjb2__P21994.fasta,>sp|P21994|CXB2_RAT Gap junction beta-2 protein OS=Rattus norvegicus OX=10116 GN=Gjb2 PE=1 SV=1,P21994,Gap junction beta-2 protein,Gjb2,Rattus norvegicus,reviewed,1,5.0,226,GCF_036323735.1,Chromosome,GRCr8,RefSeq,,,yes,Chromosome,medium,
connexin,project/data/references/connexins/Rattus_norvegicus/Gjb3__P25305.fasta,>sp|P25305|CXB3_RAT Gap junction beta-3 protein OS=Rattus norvegicus OX=10116 GN=Gjb3 PE=3 SV=1,P25305,Gap junction beta-3 protein,Gjb3,Rattus norvegicus,reviewed,3,4.0,270,GCF_036323735.1,Chromosome,GRCr8,RefSeq,,,yes,Chromosome,medium,
connexin,project/data/references/connexins/Rattus_norvegicus/Gjb4__P36380.fasta,>sp|P36380|CXB4_RAT Gap junction beta-4 protein OS=Rattus norvegicus OX=10116 GN=Gjb4 PE=1 SV=1,P36380,Gap junction beta-4 protein,Gjb4,Rattus norvegicus,reviewed,1,4.0,265,GCF_036323735.1,Chromosome,GRCr8,RefSeq,,,yes,Chromosome,medium,
connexin,project/data/references/connexins/Rattus_norvegicus/Gjb5__P28232.fasta,>sp|P28232|CXB5_RAT Gap junction beta-5 protein OS=Rattus norvegicus OX=10116 GN=Gjb5 PE=2 SV=1,P28232,Gap junction beta-5 protein,Gjb5,Rattus norvegicus,reviewed,2,4.0,271,GCF_036323735.1,Chromosome,GRCr8,RefSeq,,,yes,Chromosome,medium,
connexin,project/data/references/connexins/Rattus_norvegicus/Gjc1__A4GG66.fasta,>sp|A4GG66|CXG1_RAT Gap junction gamma-1 protein OS=Rattus norvegicus OX=10116 GN=Gjc1 PE=1 SV=1,A4GG66,Gap junction gamma-1 protein,Gjc1,Rattus norvegicus,reviewed,1,5.0,396,GCF_036323735.1,Chromosome,GRCr8,RefSeq,,,yes,Chromosome,medium,
connexin,project/data/references/connexins/Rattus_norvegicus/Gjc2__Q80XF7.fasta,>sp|Q80XF7|CXG2_RAT Gap junction gamma-2 protein OS=Rattus norvegicus OX=10116 GN=Gjc2 PE=1 SV=2,Q80XF7,Gap junction gamma-2 protein,Gjc2,Rattus norvegicus,reviewed,1,5.0,440,GCF_036323735.1,Chromosome,GRCr8,RefSeq,,,yes,Chromosome,medium,
connexin,project/data/references/connexins/Rattus_norvegicus/Gjd2__O70610.fasta,>sp|O70610|CXD2_RAT Gap junction delta-2 protein OS=Rattus norvegicus OX=10116 GN=Gjd2 PE=2 SV=1,O70610,Gap junction delta-2 protein,Gjd2,Rattus norvegicus,reviewed,2,4.0,321,GCF_036323735.1,Chromosome,GRCr8,RefSeq,,,yes,Chromosome,medium,
connexin,project/data/references/connexins/Sus_scrofa/GJA1__Q29101.fasta,>sp|Q29101|CXA1_PIG Gap junction alpha-1 protein OS=Sus scrofa OX=9823 GN=GJA1 PE=2 SV=2,Q29101,Gap junction alpha-1 protein,GJA1,Sus scrofa,reviewed,2,5.0,382,GCA_057782405.1,Complete Genome,ASM5778240v1,GenBank,,,yes,Complete Genome,medium,
connexin,project/data/references/connexins/Sus_scrofa/GJA4__Q29559.fasta,>sp|Q29559|CXA4_PIG Gap junction alpha-4 protein (Fragment) OS=Sus scrofa OX=9823 GN=GJA4 PE=2 SV=1,Q29559,Gap junction alpha-4 protein,GJA4,Sus scrofa,reviewed,2,3.0,138,GCA_057782405.1,Complete Genome,ASM5778240v1,GenBank,,,yes,Complete Genome,medium,
connexin,project/data/references/connexins/Sus_scrofa/GJC1__A4GVD1.fasta,>sp|A4GVD1|CXG1_PIG Gap junction gamma-1 protein OS=Sus scrofa OX=9823 GN=GJC1 PE=2 SV=1,A4GVD1,Gap junction gamma-1 protein,GJC1,Sus scrofa,reviewed,2,4.0,396,GCA_057782405.1,Complete Genome,ASM5778240v1,GenBank,,,yes,Complete Genome,medium,
connexin,project/data/references/connexins/Ursus_americanus/GJA1__A6XKM2.fasta,>sp|A6XKM2|CXA1_URSAM Gap junction alpha-1 protein OS=Ursus americanus OX=9643 GN=GJA1 PE=2 SV=1,A6XKM2,Gap junction alpha-1 protein,GJA1,Ursus americanus,reviewed,2,5.0,382,GCF_020975775.1,Contig,gsc_jax_bbear_1.0,RefSeq,,,yes,Contig,review_protein_only,
connexin,project/data/references/connexins/Xenopus_laevis/gja1__P16863.fasta,>sp|P16863|CXA1_XENLA Gap junction alpha-1 protein OS=Xenopus laevis OX=8355 GN=gja1 PE=2 SV=2,P16863,Gap junction alpha-1 protein,gja1,Xenopus laevis,reviewed,2,5.0,379,GCF_017654675.1,Chromosome,Xenopus_laevis_v10.1,RefSeq,,,yes,Chromosome,medium,
connexin,project/data/references/connexins/Xenopus_laevis/gja2__P16864.fasta,>sp|P16864|CXA2_XENLA Gap junction alpha-2 protein OS=Xenopus laevis OX=8355 GN=gja2 PE=2 SV=1,P16864,Gap junction alpha-2 protein,gja2,Xenopus laevis,reviewed,2,3.0,334,GCF_017654675.1,Chromosome,Xenopus_laevis_v10.1,RefSeq,,,yes,Chromosome,medium,
connexin,project/data/references/connexins/Xenopus_laevis/gja4__P51914.fasta,>sp|P51914|CXA4_XENLA Gap junction alpha-4 protein OS=Xenopus laevis OX=8355 GN=gja4 PE=2 SV=2,P51914,Gap junction alpha-4 protein,gja4,Xenopus laevis,reviewed,2,4.0,352,GCF_017654675.1,Chromosome,Xenopus_laevis_v10.1,RefSeq,,,yes,Chromosome,medium,
connexin,project/data/references/connexins/Xenopus_laevis/gjb1__P08983.fasta,>sp|P08983|CXB1_XENLA Gap junction beta-1 protein OS=Xenopus laevis OX=8355 GN=gjb1 PE=2 SV=2,P08983,Gap junction beta-1 protein,gjb1,Xenopus laevis,reviewed,2,3.0,264,GCF_017654675.1,Chromosome,Xenopus_laevis_v10.1,RefSeq,,,yes,Chromosome,medium,
connexin,project/data/references/connexins/Xenopus_tropicalis/gja4__Q0V990.fasta,>sp|Q0V990|CXA4_XENTR Gap junction alpha-4 protein OS=Xenopus tropicalis OX=8364 GN=gja4 PE=2 SV=1,Q0V990,Gap junction alpha-4 protein,gja4,Xenopus tropicalis,reviewed,2,3.0,352,GCF_000004195.4,Chromosome,UCB_Xtro_10.0,RefSeq,,,yes,Chromosome,medium,
