family,organism,panel_role,source_file,reviewed_only
connexin,Antrozous pallidus,discovery_connexin_evolutionary,project/metadata/not_annotated_connexin_evolutionary.txt,
connexin,Babyrousa celebensis,discovery_connexin_evolutionary,project/metadata/not_annotated_connexin_evolutionary.txt,
connexin,Bajacalifornia burragei,discovery_connexin_evolutionary,project/metadata/not_annotated_connexin_evolutionary.txt,
connexin,Bombina variegata,discovery_connexin_evolutionary,project/metadata/not_annotated_connexin_evolutionary.txt,
connexin,Boulenophrys sangzhiensis,discovery_connexin_evolutionary,project/metadata/not_annotated_connexin_evolutionary.txt,
connexin,Bufotes viridis,discovery_connexin_evolutionary,project/metadata/not_annotated_connexin_evolutionary.txt,
connexin,Butorides sundevalli,discovery_connexin_evolutionary,project/metadata/not_annotated_connexin_evolutionary.txt,
connexin,Carcharias taurus,discovery_connexin_evolutionary,project/metadata/not_annotated_connexin_evolutionary.txt,
connexin,Cecropis daurica,discovery_connexin_evolutionary,project/metadata/not_annotated_connexin_evolutionary.txt,
connexin,Ceratotherium simum simum,discovery_connexin_evolutionary,project/metadata/not_annotated_connexin_evolutionary.txt,
connexin,Chimaera phantasma,discovery_connexin_evolutionary,project/metadata/not_annotated_connexin_evolutionary.txt,
connexin,Correlophus ciliatus,discovery_connexin_evolutionary,project/metadata/not_annotated_connexin_evolutionary.txt,
connexin,Desmognathus fuscus,discovery_connexin_evolutionary,project/metadata/not_annotated_connexin_evolutionary.txt,
connexin,Discoglossus pictus,discovery_connexin_evolutionary,project/metadata/not_annotated_connexin_evolutionary.txt,
connexin,Dumetella carolinensis,discovery_connexin_evolutionary,project/metadata/not_annotated_connexin_evolutionary.txt,
connexin,Echinorhinus cookei,discovery_connexin_evolutionary,project/metadata/not_annotated_connexin_evolutionary.txt,
connexin,Emberiza tahapisi,discovery_connexin_evolutionary,project/metadata/not_annotated_connexin_evolutionary.txt,
connexin,Eospalax fontanierii baileyi,discovery_connexin_evolutionary,project/metadata/not_annotated_connexin_evolutionary.txt,
connexin,Epinephelus cyanopodus,discovery_connexin_evolutionary,project/metadata/not_annotated_connexin_evolutionary.txt,
connexin,Fontitrygon garouaensis,discovery_connexin_evolutionary,project/metadata/not_annotated_connexin_evolutionary.txt,
connexin,Galeorhinus galeus,discovery_connexin_evolutionary,project/metadata/not_annotated_connexin_evolutionary.txt,
connexin,Hemibarbus labeo,discovery_connexin_evolutionary,project/metadata/not_annotated_connexin_evolutionary.txt,
connexin,Hucho bleekeri,discovery_connexin_evolutionary,project/metadata/not_annotated_connexin_evolutionary.txt,
connexin,Mus musculus domesticus,discovery_connexin_evolutionary,project/metadata/not_annotated_connexin_evolutionary.txt,
connexin,Parabramis pekinensis,discovery_connexin_evolutionary,project/metadata/not_annotated_connexin_evolutionary.txt,
connexin,Abudefduf saxatilis,discovery_connexin_evolutionary_batch2,project/metadata/not_annotated_connexin_evolutionary_batch2.txt,
connexin,Acanthurus chirurgus,discovery_connexin_evolutionary_batch2,project/metadata/not_annotated_connexin_evolutionary_batch2.txt,
connexin,Acanthurus tractus,discovery_connexin_evolutionary_batch2,project/metadata/not_annotated_connexin_evolutionary_batch2.txt,
connexin,Eleutherodactylus marnockii,discovery_connexin_evolutionary_batch2,project/metadata/not_annotated_connexin_evolutionary_batch2.txt,
connexin,Eospalax fontanierii cansus,discovery_connexin_evolutionary_batch2,project/metadata/not_annotated_connexin_evolutionary_batch2.txt,
connexin,Eospalax rufescens,discovery_connexin_evolutionary_batch2,project/metadata/not_annotated_connexin_evolutionary_batch2.txt,
connexin,Epidalea calamita,discovery_connexin_evolutionary_batch2,project/metadata/not_annotated_connexin_evolutionary_batch2.txt,
connexin,Equus grevyi,discovery_connexin_evolutionary_batch2,project/metadata/not_annotated_connexin_evolutionary_batch2.txt,
connexin,Euprepiophis mandarinus,discovery_connexin_evolutionary_batch2,project/metadata/not_annotated_connexin_evolutionary_batch2.txt,
connexin,Fejervarya limnocharis,discovery_connexin_evolutionary_batch2,project/metadata/not_annotated_connexin_evolutionary_batch2.txt,
connexin,Gastrophryne carolinensis,discovery_connexin_evolutionary_batch2,project/metadata/not_annotated_connexin_evolutionary_batch2.txt,
connexin,Hydrolagus colliei,discovery_connexin_evolutionary_batch2,project/metadata/not_annotated_connexin_evolutionary_batch2.txt,
connexin,Ichthyophis bannanicus,discovery_connexin_evolutionary_batch2,project/metadata/not_annotated_connexin_evolutionary_batch2.txt,
connexin,Leucoraja naevus,discovery_connexin_evolutionary_batch2,project/metadata/not_annotated_connexin_evolutionary_batch2.txt,
connexin,Liasis olivaceus olivaceus,discovery_connexin_evolutionary_batch2,project/metadata/not_annotated_connexin_evolutionary_batch2.txt,
connexin,Luscinia svecica,discovery_connexin_evolutionary_batch2,project/metadata/not_annotated_connexin_evolutionary_batch2.txt,
connexin,Mabuya desiradae,discovery_connexin_evolutionary_batch2,project/metadata/not_annotated_connexin_evolutionary_batch2.txt,
connexin,Malacoraja senta,discovery_connexin_evolutionary_batch2,project/metadata/not_annotated_connexin_evolutionary_batch2.txt,
connexin,Marmaronetta angustirostris,discovery_connexin_evolutionary_batch2,project/metadata/not_annotated_connexin_evolutionary_batch2.txt,
connexin,Marmota vancouverensis,discovery_connexin_evolutionary_batch2,project/metadata/not_annotated_connexin_evolutionary_batch2.txt,
connexin,Mops condylurus,discovery_connexin_evolutionary_batch2,project/metadata/not_annotated_connexin_evolutionary_batch2.txt,
connexin,Okamejei kenojei,discovery_connexin_evolutionary_batch2,project/metadata/not_annotated_connexin_evolutionary_batch2.txt,
connexin,Potamotrygon marinae,discovery_connexin_evolutionary_batch2,project/metadata/not_annotated_connexin_evolutionary_batch2.txt,
connexin,Scleropages jardinii,discovery_connexin_evolutionary_batch2,project/metadata/not_annotated_connexin_evolutionary_batch2.txt,
connexin,Triplophysa stolickai,discovery_connexin_evolutionary_batch2,project/metadata/not_annotated_connexin_evolutionary_batch2.txt,
connexin,Bos taurus,reference_connexin,species_config.csv,True
connexin,Canis lupus familiaris,reference_connexin,species_config.csv,True
connexin,Chlorocebus sabaeus,reference_connexin,species_config.csv,True
connexin,Cricetulus griseus,reference_connexin,species_config.csv,True
connexin,Danio rerio,reference_connexin,species_config.csv,True
connexin,Equus caballus,reference_connexin,species_config.csv,True
connexin,Erinaceus europaeus,reference_connexin,species_config.csv,True
connexin,Gallus gallus,reference_connexin,species_config.csv,True
connexin,Gorilla gorilla gorilla,reference_connexin,species_config.csv,True
connexin,Homo sapiens,reference_connexin,species_config.csv,True
connexin,Hylobates moloch,reference_connexin,species_config.csv,True
connexin,Leucoraja erinaceus,reference_connexin,species_config.csv,True
connexin,Macaca fascicularis,reference_connexin,species_config.csv,True
connexin,Macaca mulatta,reference_connexin,species_config.csv,True
connexin,Mesocricetus auratus,reference_connexin,species_config.csv,True
connexin,Mus musculus,reference_connexin,species_config.csv,True
connexin,Oryctolagus cuniculus,reference_connexin,species_config.csv,True
connexin,Ovis aries,reference_connexin,species_config.csv,True
connexin,Pongo pygmaeus,reference_connexin,species_config.csv,True
connexin,Rattus norvegicus,reference_connexin,species_config.csv,True
connexin,Sus scrofa,reference_connexin,species_config.csv,True
connexin,Ursus americanus,reference_connexin,species_config.csv,True
connexin,Xenopus laevis,reference_connexin,species_config.csv,True
connexin,Xenopus tropicalis,reference_connexin,species_config.csv,True
innexin,Hormiphora californensis,discovery_innexin,project/metadata/not_annotated_innexin.txt,
innexin,Peripatoides novaezealandiae,discovery_innexin,project/metadata/not_annotated_innexin.txt,
innexin,Peripatus solorzanoi,discovery_innexin,project/metadata/not_annotated_innexin.txt,
innexin,Philodina roseola,discovery_innexin,project/metadata/not_annotated_innexin.txt,
innexin,Pleurobrachia bachei,discovery_innexin,project/metadata/not_annotated_innexin.txt,
innexin,Scolanthus callimorphus,discovery_innexin,project/metadata/not_annotated_innexin.txt,
innexin,Streblospio benedicti,discovery_innexin,project/metadata/not_annotated_innexin.txt,
innexin,Stylissa carteri,discovery_innexin,project/metadata/not_annotated_innexin.txt,
innexin,Thulinius sp. DVL-2010,discovery_innexin,project/metadata/not_annotated_innexin.txt,
innexin,Triops cancriformis,discovery_innexin,project/metadata/not_annotated_innexin.txt,
innexin,Tubiluchus corallicola,discovery_innexin,project/metadata/not_annotated_innexin.txt,
innexin,Xestospongia testudinaria,discovery_innexin,project/metadata/not_annotated_innexin.txt,
innexin,Abra alba,discovery_innexin_clade,project/metadata/species_discovery_queue.txt,
innexin,Abra segmentum,discovery_innexin_clade,project/metadata/species_discovery_queue.txt,
innexin,Acanthascus dawsoni,discovery_innexin_clade,project/metadata/species_discovery_queue.txt,
innexin,Acanthocardia echinata,discovery_innexin_clade,project/metadata/species_discovery_queue.txt,
innexin,Acanthochitona discrepans,discovery_innexin_clade,project/metadata/species_discovery_queue.txt,
innexin,Acartia tonsa,discovery_innexin_clade,project/metadata/species_discovery_queue.txt,
innexin,Acropora austera,discovery_innexin_clade,project/metadata/species_discovery_queue.txt,
innexin,Acropora cervicornis,discovery_innexin_clade,project/metadata/species_discovery_queue.txt,
innexin,Acropora cf. manni,discovery_innexin_clade,project/metadata/species_discovery_queue.txt,
innexin,Acropora glauca,discovery_innexin_clade,project/metadata/species_discovery_queue.txt,
innexin,Acropora hyacinthus,discovery_innexin_clade,project/metadata/species_discovery_queue.txt,
innexin,Adineta ricciae,discovery_innexin_clade,project/metadata/species_discovery_queue.txt,
innexin,Adineta steineri,discovery_innexin_clade,project/metadata/species_discovery_queue.txt,
innexin,Aegaeobuthus cyprius,discovery_innexin_clade,project/metadata/species_discovery_queue.txt,
innexin,Aelurillus cypriotus,discovery_innexin_clade,project/metadata/species_discovery_queue.txt,
innexin,Agelas clathrodes,discovery_innexin_clade,project/metadata/species_discovery_queue.txt,
innexin,Agelas conifera,discovery_innexin_clade,project/metadata/species_discovery_queue.txt,
innexin,Agelas oroides,discovery_innexin_clade,project/metadata/species_discovery_queue.txt,
innexin,Agelas tubulata,discovery_innexin_clade,project/metadata/species_discovery_queue.txt,
innexin,Agelena orientalis,discovery_innexin_clade,project/metadata/species_discovery_queue.txt,
innexin,Amaurobius ferox,discovery_innexin_clade,project/metadata/species_discovery_queue.txt,
innexin,Bathyporeia elegans,discovery_innexin_clade,project/metadata/species_discovery_queue.txt,
innexin,Beroe forskalii,discovery_innexin_clade,project/metadata/species_discovery_queue.txt,
innexin,Beroe ovata,discovery_innexin_clade,project/metadata/species_discovery_queue.txt,
innexin,Brachionus calyciflorus,discovery_innexin_clade,project/metadata/species_discovery_queue.txt,
innexin,Brachionus koreanus,discovery_innexin_clade,project/metadata/species_discovery_queue.txt,
innexin,Brachionus manjavacas,discovery_innexin_clade,project/metadata/species_discovery_queue.txt,
innexin,Dryodora glandiformis,discovery_innexin_clade,project/metadata/species_discovery_queue.txt,
innexin,Eriophyidae sp.,discovery_innexin_clade,project/metadata/species_discovery_queue.txt,
innexin,Hypsibius exemplaris,discovery_innexin_clade,project/metadata/species_discovery_queue.txt,
innexin,Lanice conchilega,discovery_innexin_clade,project/metadata/species_discovery_queue.txt,
innexin,Liocarcinus depurator,discovery_innexin_clade,project/metadata/species_discovery_queue.txt,
innexin,Macoma balthica,discovery_innexin_clade,project/metadata/species_discovery_queue.txt,
innexin,Mertensia ovum,discovery_innexin_clade,project/metadata/species_discovery_queue.txt,
innexin,Nephtys caeca,discovery_innexin_clade,project/metadata/species_discovery_queue.txt,
innexin,Nephtys hombergii,discovery_innexin_clade,project/metadata/species_discovery_queue.txt,
innexin,Nephtys longosetosa,discovery_innexin_clade,project/metadata/species_discovery_queue.txt,
innexin,Ophelia borealis,discovery_innexin_clade,project/metadata/species_discovery_queue.txt,
innexin,Paramacrobiotus metropolitanus,discovery_innexin_clade,project/metadata/species_discovery_queue.txt,
innexin,Processa modica,discovery_innexin_clade,project/metadata/species_discovery_queue.txt,
innexin,Thia scutellata,discovery_innexin_clade,project/metadata/species_discovery_queue.txt,
innexin,Trichoplax sp. H2,discovery_innexin_clade,project/metadata/species_discovery_queue.txt,
innexin,Aedes aegypti,reference_innexin,species_config.csv,True
innexin,Anopheles gambiae,reference_innexin,species_config.csv,True
innexin,Caenorhabditis briggsae,reference_innexin,species_config.csv,True
innexin,Caenorhabditis elegans,reference_innexin,species_config.csv,True
innexin,Drosophila melanogaster,reference_innexin,species_config.csv,True
innexin,Schistocerca americana,reference_innexin,species_config.csv,True
innexin,Adineta vaga,discovery_innexin_curator,project/results/gene_curator_probe/innexin_search_summary.csv,
innexin,Rotaria macrura,discovery_innexin_curator,project/results/gene_curator_probe/innexin_search_summary.csv,
